ds,trend,yhat_lower,yhat_upper,trend_lower,trend_upper,additive_terms,additive_terms_lower,additive_terms_upper,yearly,yearly_lower,yearly_upper,multiplicative_terms,multiplicative_terms_lower,multiplicative_terms_upper,yhat
2014-01-06,2886.376418838,215.65486898304175,4628.656945186667,2886.376418838,2886.376418838,-455.1630240821655,-455.1630240821655,-455.1630240821655,-455.1630240821655,-455.1630240821655,-455.1630240821655,0.0,0.0,0.0,2431.2133947558345
2014-01-13,2891.94686755586,-1290.3320310171614,2924.6964350185017,2891.94686755586,2891.94686755586,-2008.8428046074957,-2008.8428046074957,-2008.8428046074957,-2008.8428046074957,-2008.8428046074957,-2008.8428046074957,0.0,0.0,0.0,883.1040629483643
2014-01-20,2897.5173162737206,-1848.0389660086155,2578.4695692258856,2897.5173162737206,2897.5173162737206,-2413.1058230693543,-2413.1058230693543,-2413.1058230693543,-2413.1058230693543,-2413.1058230693543,-2413.1058230693543,0.0,0.0,0.0,484.41149320436625
2014-01-27,2903.087764991581,-1487.6455673078017,3018.085013513869,2903.087764991581,2903.087764991581,-1981.9776034107897,-1981.9776034107897,-1981.9776034107897,-1981.9776034107897,-1981.9776034107897,-1981.9776034107897,0.0,0.0,0.0,921.1101615807913
2014-02-03,2908.658213709441,-686.04370015403,3526.0816856535957,2908.658213709441,2908.658213709441,-1533.413186117813,-1533.413186117813,-1533.413186117813,-1533.413186117813,-1533.413186117813,-1533.413186117813,0.0,0.0,0.0,1375.245027591628
2014-02-10,2914.2286624273015,-977.24879597963,3600.9298055406357,2914.2286624273015,2914.2286624273015,-1641.7579572770294,-1641.7579572770294,-1641.7579572770294,-1641.7579572770294,-1641.7579572770294,-1641.7579572770294,0.0,0.0,0.0,1272.4707051502721
2014-02-17,2919.8096274818117,-1429.168358895264,3040.0642298547996,2919.8096274818117,2919.8096274818117,-2155.5034558808234,-2155.5034558808234,-2155.5034558808234,-2155.5034558808234,-2155.5034558808234,-2155.5034558808234,0.0,0.0,0.0,764.3061716009884
2014-02-24,2925.390592536322,-1737.5438455191324,2680.030123170166,2925.390592536322,2925.390592536322,-2419.3890888051583,-2419.3890888051583,-2419.3890888051583,-2419.3890888051583,-2419.3890888051583,-2419.3890888051583,0.0,0.0,0.0,506.00150373116367
2014-03-03,2930.9715575908326,-1310.9187600882906,3204.285001544516,2930.9715575908326,2930.9715575908326,-1979.5377641546656,-1979.5377641546656,-1979.5377641546656,-1979.5377641546656,-1979.5377641546656,-1979.5377641546656,0.0,0.0,0.0,951.433793436167
2014-03-10,2936.5525226453424,-426.44800640412336,4249.587932953887,2936.5525226453424,2936.5525226453424,-1065.571136233797,-1065.571136233797,-1065.571136233797,-1065.571136233797,-1065.571136233797,-1065.571136233797,0.0,0.0,0.0,1870.9813864115454
2014-03-17,2942.133487699853,391.9988932651109,4775.067583300091,2942.133487699853,2942.133487699853,-355.96198467323,-355.96198467323,-355.96198467323,-355.96198467323,-355.96198467323,-355.96198467323,0.0,0.0,0.0,2586.171503026623
2014-03-24,2947.7144527543633,215.16447021704863,4664.746485092656,2947.7144527543633,2947.7144527543633,-277.97010639929033,-277.97010639929033,-277.97010639929033,-277.97010639929033,-277.97010639929033,-277.97010639929033,0.0,0.0,0.0,2669.744346355073
2014-03-31,2953.295417903732,72.66951171463754,4520.751832863392,2953.295417903732,2953.295417903732,-599.1130692718439,-599.1130692718439,-599.1130692718439,-599.1130692718439,-599.1130692718439,-599.1130692718439,0.0,0.0,0.0,2354.182348631888
2014-04-07,2958.8763830531007,61.688015329453115,4369.331007012697,2958.8763830531007,2958.8763830531007,-755.5656829468228,-755.5656829468228,-755.5656829468228,-755.5656829468228,-755.5656829468228,-755.5656829468228,0.0,0.0,0.0,2203.310700106278
2014-04-14,2964.457348202469,104.32658427571563,4428.315770645388,2964.457348202469,2964.457348202469,-539.097366883341,-539.097366883341,-539.097366883341,-539.097366883341,-539.097366883341,-539.097366883341,0.0,0.0,0.0,2425.3599813191277
2014-04-21,2970.0383133518376,420.74144465115535,4751.248978633193,2970.0383133518376,2970.0383133518376,-344.5613116717626,-344.5613116717626,-344.5613116717626,-344.5613116717626,-344.5613116717626,-344.5613116717626,0.0,0.0,0.0,2625.477001680075
2014-04-28,2975.619278501206,16.709675259076118,4575.089967091423,2975.619278501206,2975.619278501206,-670.6248778462784,-670.6248778462784,-670.6248778462784,-670.6248778462784,-670.6248778462784,-670.6248778462784,0.0,0.0,0.0,2304.9944006549276
2014-05-05,2981.2002435988193,-610.7975769795991,3651.806590585378,2981.2002435988193,2981.2002435988193,-1439.4037993959562,-1439.4037993959562,-1439.4037993959562,-1439.4037993959562,-1439.4037993959562,-1439.4037993959562,0.0,0.0,0.0,1541.796444202863
2014-05-12,2986.781208696432,-1129.3045911389963,3180.351435003265,2986.781208696432,2986.781208696432,-1950.551775889673,-1950.551775889673,-1950.551775889673,-1950.551775889673,-1950.551775889673,-1950.551775889673,0.0,0.0,0.0,1036.2294328067587
2014-05-19,2992.3621737940452,-825.267038150987,3647.163829311508,2992.3621737940452,2992.3621737940452,-1587.9206393452228,-1587.9206393452228,-1587.9206393452228,-1587.9206393452228,-1587.9206393452228,-1587.9206393452228,0.0,0.0,0.0,1404.4415344488225
2014-05-26,2997.9431388916587,312.6766859809081,4541.790615058798,2997.9431388916587,2997.9431388916587,-523.9236381272101,-523.9236381272101,-523.9236381272101,-523.9236381272101,-523.9236381272101,-523.9236381272101,0.0,0.0,0.0,2474.019500764449
2014-06-02,3003.5241039892717,1209.935915558424,5488.44257093165,3003.5241039892717,3003.5241039892717,375.258736100641,375.258736100641,375.258736100641,375.258736100641,375.258736100641,375.258736100641,0.0,0.0,0.0,3378.7828400899125
2014-06-09,3009.1050689406507,1297.222510676937,5529.864519568661,3009.1050689406507,3009.1050689406507,378.3875131269434,378.3875131269434,378.3875131269434,378.3875131269434,378.3875131269434,378.3875131269434,0.0,0.0,0.0,3387.492582067594
2014-06-16,3014.6860338920305,468.76453627452105,4846.602491525565,3014.6860338920305,3014.6860338920305,-415.5081812657962,-415.5081812657962,-415.5081812657962,-415.5081812657962,-415.5081812657962,-415.5081812657962,0.0,0.0,0.0,2599.177852626234
2014-06-23,3020.26699884341,-439.1546058716243,4083.527429942185,3020.26699884341,3020.26699884341,-1226.7446407974978,-1226.7446407974978,-1226.7446407974978,-1226.7446407974978,-1226.7446407974978,-1226.7446407974978,0.0,0.0,0.0,1793.5223580459121
2014-06-30,3025.84796379479,-623.2825401101169,3886.3460627517297,3025.84796379479,3025.84796379479,-1383.471900883859,-1383.471900883859,-1383.471900883859,-1383.471900883859,-1383.471900883859,-1383.471900883859,0.0,0.0,0.0,1642.3760629109308
2014-07-07,3031.4289287461693,24.11480249430269,4301.452675808556,3031.4289287461693,3031.4289287461693,-904.4099966448753,-904.4099966448753,-904.4099966448753,-904.4099966448753,-904.4099966448753,-904.4099966448753,0.0,0.0,0.0,2127.018932101294
2014-07-14,3037.009893578277,573.0213725847672,4796.761419592427,3037.009893578277,3037.009893578277,-343.6736578948675,-343.6736578948675,-343.6736578948675,-343.6736578948675,-343.6736578948675,-343.6736578948675,0.0,0.0,0.0,2693.3362356834095
2014-07-21,3042.590858410385,593.4851835571357,4938.94055885731,3042.590858410385,3042.590858410385,-193.13521435458705,-193.13521435458705,-193.13521435458705,-193.13521435458705,-193.13521435458705,-193.13521435458705,0.0,0.0,0.0,2849.455644055798
2014-07-28,3048.171823242493,440.39930624815946,4711.148904632695,3048.171823242493,3048.171823242493,-515.046954589035,-515.046954589035,-515.046954589035,-515.046954589035,-515.046954589035,-515.046954589035,0.0,0.0,0.0,2533.1248686534577
2014-08-04,3053.7527880746006,-126.95278640816936,4258.972767930107,3053.7527880746006,3053.7527880746006,-1061.9391769270842,-1061.9391769270842,-1061.9391769270842,-1061.9391769270842,-1061.9391769270842,-1061.9391769270842,0.0,0.0,0.0,1991.8136111475164
2014-08-11,3059.3337529067085,-423.7622163742191,3837.1961668721497,3059.3337529067085,3059.3337529067085,-1546.6831190421035,-1546.6831190421035,-1546.6831190421035,-1546.6831190421035,-1546.6831190421035,-1546.6831190421035,0.0,0.0,0.0,1512.650633864605
2014-08-18,3064.9147177388163,-737.4648171468299,3579.089105039093,3064.9147177388163,3064.9147177388163,-1692.7761716597083,-1692.7761716597083,-1692.7761716597083,-1692.7761716597083,-1692.7761716597083,-1692.7761716597083,0.0,0.0,0.0,1372.138546079108
2014-08-25,3070.495682627252,-333.5623868487375,4194.245608986964,3070.495682627252,3070.495682627252,-1167.6973304890212,-1167.6973304890212,-1167.6973304890212,-1167.6973304890212,-1167.6973304890212,-1167.6973304890212,0.0,0.0,0.0,1902.7983521382307
2014-09-01,3076.0766475156875,1167.903052495385,5675.85175831976,3076.0766475156875,3076.0766475156875,240.11805979738836,240.11805979738836,240.11805979738836,240.11805979738836,240.11805979738836,240.11805979738836,0.0,0.0,0.0,3316.194707313076
2014-09-08,3081.6576124041235,2954.0963700446214,7655.172773351565,3081.6576124041235,3081.6576124041235,2204.85838258824,2204.85838258824,2204.85838258824,2204.85838258824,2204.85838258824,2204.85838258824,0.0,0.0,0.0,5286.515994992364
2014-09-15,3087.2385772925595,4693.343618792445,9092.163409188288,3087.2385772925595,3087.2385772925595,3729.1227355696496,3729.1227355696496,3729.1227355696496,3729.1227355696496,3729.1227355696496,3729.1227355696496,0.0,0.0,0.0,6816.361312862209
2014-09-22,3092.819542180995,4594.241354450741,9105.659408981734,3092.819542180995,3092.819542180995,3719.358867468054,3719.358867468054,3719.358867468054,3719.358867468054,3719.358867468054,3719.358867468054,0.0,0.0,0.0,6812.178409649049
2014-09-29,3098.4005074715114,2740.968588277687,7235.64436809584,3098.4005074715114,3098.4005074715114,1944.1467356429662,1944.1467356429662,1944.1467356429662,1944.1467356429662,1944.1467356429662,1944.1467356429662,0.0,0.0,0.0,5042.547243114477
2014-10-06,3103.981472762028,439.3803381958007,4712.96443133459,3103.981472762028,3103.981472762028,-537.0118847965001,-537.0118847965001,-537.0118847965001,-537.0118847965001,-537.0118847965001,-537.0118847965001,0.0,0.0,0.0,2566.969587965528
2014-10-13,3109.562438052544,-1114.109077624985,3356.6610779339276,3109.562438052544,3109.562438052544,-2040.1284046559535,-2040.1284046559535,-2040.1284046559535,-2040.1284046559535,-2040.1284046559535,-2040.1284046559535,0.0,0.0,0.0,1069.4340333965906
2014-10-20,3115.1434033430605,-528.2396513390548,3753.3203664504354,3115.1434033430605,3115.1434033430605,-1549.7206130585264,-1549.7206130585264,-1549.7206130585264,-1549.7206130585264,-1549.7206130585264,-1549.7206130585264,0.0,0.0,0.0,1565.4227902845341
2014-10-27,3120.7243686335764,1387.3126187335438,5823.155816483319,3120.7243686335764,3120.7243686335764,496.23034564301355,496.23034564301355,496.23034564301355,496.23034564301355,496.23034564301355,496.23034564301355,0.0,0.0,0.0,3616.95471427659
2014-11-03,3126.3053338388168,3592.4792922644842,8028.30026730576,3126.3053338388168,3126.3053338388168,2636.5898932167274,2636.5898932167274,2636.5898932167274,2636.5898932167274,2636.5898932167274,2636.5898932167274,0.0,0.0,0.0,5762.895227055544
2014-11-10,3131.886299044057,4553.822967629025,8990.252588957619,3131.886299044057,3131.886299044057,3623.45567746256,3623.45567746256,3623.45567746256,3623.45567746256,3623.45567746256,3623.45567746256,0.0,0.0,0.0,6755.341976506617
2014-11-17,3137.4672642492974,4339.001123542814,8671.762135517445,3137.4672642492974,3137.4672642492974,3351.161373820015,3351.161373820015,3351.161373820015,3351.161373820015,3351.161373820015,3351.161373820015,0.0,0.0,0.0,6488.628638069313
2014-11-24,3143.0482294545377,3700.1106863494356,8022.738250530796,3143.0482294545377,3143.0482294545377,2719.9252761375847,2719.9252761375847,2719.9252761375847,2719.9252761375847,2719.9252761375847,2719.9252761375847,0.0,0.0,0.0,5862.973505592123
2014-12-01,3148.6291946597785,3532.7628409583826,8021.035999754807,3148.6291946597785,3148.6291946597785,2675.9483815807166,2675.9483815807166,2675.9483815807166,2675.9483815807166,2675.9483815807166,2675.9483815807166,0.0,0.0,0.0,5824.577576240496
2014-12-08,3154.210159865019,4290.360212010088,8685.024139672965,3154.210159865019,3154.210159865019,3344.026064356259,3344.026064356259,3344.026064356259,3344.026064356259,3344.026064356259,3344.026064356259,0.0,0.0,0.0,6498.2362242212785
2014-12-15,3159.7911251918076,4754.263398509213,9393.81815239506,3159.7911251918076,3159.7911251918076,3972.187945013796,3972.187945013796,3972.187945013796,3972.187945013796,3972.187945013796,3972.187945013796,0.0,0.0,0.0,7131.979070205603
2014-12-22,3165.3720905185955,4597.527917839797,9035.988371149924,3165.3720905185955,3165.3720905185955,3641.5103977797535,3641.5103977797535,3641.5103977797535,3641.5103977797535,3641.5103977797535,3641.5103977797535,0.0,0.0,0.0,6806.882488298349
2014-12-29,3170.9530558453844,3168.7157346062563,7502.643669963401,3170.9530558453844,3170.9530558453844,2080.142255074188,2080.142255074188,2080.142255074188,2080.142255074188,2080.142255074188,2080.142255074188,0.0,0.0,0.0,5251.0953109195725
2015-01-05,3176.5340211721727,935.015806309592,5381.47795550198,3176.5340211721727,3176.5340211721727,-86.17226844788871,-86.17226844788871,-86.17226844788871,-86.17226844788871,-86.17226844788871,-86.17226844788871,0.0,0.0,0.0,3090.361752724284
2015-01-12,3182.1149864989616,-725.2684417112583,3524.4758214980698,3182.1149864989616,3182.1149864989616,-1811.2080318436942,-1811.2080318436942,-1811.2080318436942,-1811.2080318436942,-1811.2080318436942,-1811.2080318436942,0.0,0.0,0.0,1370.9069546552673
2015-01-19,3187.695951715767,-1727.9069277220071,2932.4735152838034,3187.695951715767,3187.695951715767,-2421.6246667257074,-2421.6246667257074,-2421.6246667257074,-2421.6246667257074,-2421.6246667257074,-2421.6246667257074,0.0,0.0,0.0,766.0712849900597
2015-01-26,3193.276916932572,-1210.6385149655941,3241.913964930809,3193.276916932572,3193.276916932572,-2085.030460773359,-2085.030460773359,-2085.030460773359,-2085.030460773359,-2085.030460773359,-2085.030460773359,0.0,0.0,0.0,1108.2464561592128
2015-02-02,3198.857882149377,-438.29719378574066,3692.1010709542156,3198.857882149377,3198.857882149377,-1580.765337954669,-1580.765337954669,-1580.765337954669,-1580.765337954669,-1580.765337954669,-1580.765337954669,0.0,0.0,0.0,1618.0925441947081
2015-02-09,3204.438847366182,-538.4271835770786,3870.503227840795,3204.438847366182,3204.438847366182,-1578.4382080728178,-1578.4382080728178,-1578.4382080728178,-1578.4382080728178,-1578.4382080728178,-1578.4382080728178,0.0,0.0,0.0,1626.0006392933642
2015-02-16,3210.019812582987,-907.1018267138779,3520.1763672384914,3210.019812582987,3210.019812582987,-2061.460612642797,-2061.460612642797,-2061.460612642797,-2061.460612642797,-2061.460612642797,-2061.460612642797,0.0,0.0,0.0,1148.55919994019
2015-02-23,3215.6007778052312,-1311.9940794254294,3074.7335104176805,3215.6007778052312,3215.6007778052312,-2418.708971200421,-2418.708971200421,-2418.708971200421,-2418.708971200421,-2418.708971200421,-2418.708971200421,0.0,0.0,0.0,796.8918066048104
2015-03-02,3221.1817430274755,-1094.4476194066995,3369.8646236365353,3221.1817430274755,3221.1817430274755,-2108.7366361397044,-2108.7366361397044,-2108.7366361397044,-2108.7366361397044,-2108.7366361397044,-2108.7366361397044,0.0,0.0,0.0,1112.445106887771
2015-03-09,3226.76270824972,-229.6510140084593,4305.276980114201,3226.76270824972,3226.76270824972,-1234.2492331442343,-1234.2492331442343,-1234.2492331442343,-1234.2492331442343,-1234.2492331442343,-1234.2492331442343,0.0,0.0,0.0,1992.513475105486
2015-03-16,3232.343673471965,675.2537094267062,4880.096696788762,3232.343673471965,3232.343673471965,-440.4567619313049,-440.4567619313049,-440.4567619313049,-440.4567619313049,-440.4567619313049,-440.4567619313049,0.0,0.0,0.0,2791.88691154066
2015-03-23,3237.9246386942095,798.3183290547038,5133.164566659269,3237.9246386942095,3237.9246386942095,-247.79637182073768,-247.79637182073768,-247.79637182073768,-247.79637182073768,-247.79637182073768,-247.79637182073768,0.0,0.0,0.0,2990.128266873472
2015-03-30,3243.5056040328745,479.161085380221,4813.557928304626,3243.5056040328745,3243.5056040328745,-538.5890797404022,-538.5890797404022,-538.5890797404022,-538.5890797404022,-538.5890797404022,-538.5890797404022,0.0,0.0,0.0,2704.9165242924723
2015-04-06,3249.086569371539,424.3125510503702,4668.961794609438,3249.086569371539,3249.086569371539,-757.6513651460673,-757.6513651460673,-757.6513651460673,-757.6513651460673,-757.6513651460673,-757.6513651460673,0.0,0.0,0.0,2491.435204225472
2015-04-13,3254.667534710204,443.18428950468865,4797.541042851344,3254.667534710204,3254.667534710204,-593.3445880450602,-593.3445880450602,-593.3445880450602,-593.3445880450602,-593.3445880450602,-593.3445880450602,0.0,0.0,0.0,2661.3229466651437
2015-04-20,3260.2485000488687,541.1059311118331,5044.060342376007,3260.2485000488687,3260.2485000488687,-350.90772951124245,-350.90772951124245,-350.90772951124245,-350.90772951124245,-350.90772951124245,-350.90772951124245,0.0,0.0,0.0,2909.340770537626
2015-04-27,3265.8294653875337,554.9560158719554,5013.256860738248,3265.8294653875337,3265.8294653875337,-567.2822671918289,-567.2822671918289,-567.2822671918289,-567.2822671918289,-567.2822671918289,-567.2822671918289,0.0,0.0,0.0,2698.547198195705
2015-05-04,3271.410430726198,-223.67532410177108,4208.254948419656,3271.410430726198,3271.410430726198,-1296.6461193513314,-1296.6461193513314,-1296.6461193513314,-1296.6461193513314,-1296.6461193513314,-1296.6461193513314,0.0,0.0,0.0,1974.7643113748663
2015-05-11,3276.9913960803124,-876.0677853633924,3419.8453798135556,3276.9913960803124,3276.9913960803124,-1913.4434620963282,-1913.4434620963282,-1913.4434620963282,-1913.4434620963282,-1913.4434620963282,-1913.4434620963282,0.0,0.0,0.0,1363.5479339839842
2015-05-18,3282.5723614344265,-597.4319607125891,3774.745724332737,3282.5723614344265,3282.5723614344265,-1721.42888861649,-1721.42888861649,-1721.42888861649,-1721.42888861649,-1721.42888861649,-1721.42888861649,0.0,0.0,0.0,1561.1434728179365
2015-05-25,3288.153326788541,537.8450841415604,4793.119556714196,3288.153326788541,3288.153326788541,-730.6842560675501,-730.6842560675501,-730.6842560675501,-730.6842560675501,-730.6842560675501,-730.6842560675501,0.0,0.0,0.0,2557.469070720991
2015-06-01,3293.7342921426557,1327.5440208901634,5809.128990738174,3293.7342921426557,3293.7342921426557,268.104574564343,268.104574564343,268.104574564343,268.104574564343,268.104574564343,268.104574564343,0.0,0.0,0.0,3561.8388667069985
2015-06-08,3299.31525749677,1630.7084403353942,6008.197198169866,3299.31525749677,3299.31525749677,451.48971480397574,451.48971480397574,451.48971480397574,451.48971480397574,451.48971480397574,451.48971480397574,0.0,0.0,0.0,3750.8049723007457
2015-06-15,3304.8962233639495,872.1179322864052,5177.656644704099,3304.8962233639495,3304.8962233639495,-246.34582449928462,-246.34582449928462,-246.34582449928462,-246.34582449928462,-246.34582449928462,-246.34582449928462,0.0,0.0,0.0,3058.550398864665
2015-06-22,3310.477189231129,35.33341415589779,4328.845784439653,3310.477189231129,3310.477189231129,-1118.062405765586,-1118.062405765586,-1118.062405765586,-1118.062405765586,-1118.062405765586,-1118.062405765586,0.0,0.0,0.0,2192.414783465543
2015-06-29,3316.058155098309,-296.515612310114,4113.791471162164,3316.058155098309,3316.058155098309,-1412.5703976849957,-1412.5703976849957,-1412.5703976849957,-1412.5703976849957,-1412.5703976849957,-1412.5703976849957,0.0,0.0,0.0,1903.4877574133131
2015-07-06,3321.6391209654885,122.38467503662257,4527.32872257464,3321.6391209654885,3321.6391209654885,-1014.6532418083867,-1014.6532418083867,-1014.6532418083867,-1014.6532418083867,-1014.6532418083867,-1014.6532418083867,0.0,0.0,0.0,2306.985879157102
2015-07-13,3327.2200868326677,700.0192010279542,4978.323671126047,3327.2200868326677,3327.2200868326677,-422.93606771247784,-422.93606771247784,-422.93606771247784,-422.93606771247784,-422.93606771247784,-422.93606771247784,0.0,0.0,0.0,2904.28401912019
2015-07-20,3332.801052689598,1104.793345772536,5517.758989148002,3332.801052689598,3332.801052689598,-181.36826987293503,-181.36826987293503,-181.36826987293503,-181.36826987293503,-181.36826987293503,-181.36826987293503,0.0,0.0,0.0,3151.432782816663
2015-07-27,3338.3820185465274,726.7203498899935,5263.7199539603325,3338.3820185465274,3338.3820185465274,-432.22354302432615,-432.22354302432615,-432.22354302432615,-432.22354302432615,-432.22354302432615,-432.22354302432615,0.0,0.0,0.0,2906.158475522201
2015-08-03,3343.962984403457,357.8191860616822,4611.929618131782,3343.962984403457,3343.962984403457,-961.1699714340085,-961.1699714340085,-961.1699714340085,-961.1699714340085,-961.1699714340085,-961.1699714340085,0.0,0.0,0.0,2382.7930129694487
2015-08-10,3349.5439502603867,-234.76487123432472,4064.9408979690775,3349.5439502603867,3349.5439502603867,-1476.3704604436518,-1476.3704604436518,-1476.3704604436518,-1476.3704604436518,-1476.3704604436518,-1476.3704604436518,0.0,0.0,0.0,1873.173489816735
2015-08-17,3355.1249161173164,-625.02303223109,3810.0071878653225,3355.1249161173164,3355.1249161173164,-1705.882796539897,-1705.882796539897,-1705.882796539897,-1705.882796539897,-1705.882796539897,-1705.882796539897,0.0,0.0,0.0,1649.2421195774193
2015-08-24,3360.7058822259655,-35.498124295715144,4261.849691572143,3360.7058822259655,3360.7058822259655,-1324.713866376391,-1324.713866376391,-1324.713866376391,-1324.713866376391,-1324.713866376391,-1324.713866376391,0.0,0.0,0.0,2035.9920158495745
2015-08-31,3366.286848334615,1335.5271371796127,5479.12358281427,3366.286848334615,3366.286848334615,-71.2731902488196,-71.2731902488196,-71.2731902488196,-71.2731902488196,-71.2731902488196,-71.2731902488196,0.0,0.0,0.0,3295.0136580857957
2015-09-07,3371.867814443264,3107.3168816681564,7477.883690269199,3371.867814443264,3371.867814443264,1851.0704506087043,1851.0704506087043,1851.0704506087043,1851.0704506087043,1851.0704506087043,1851.0704506087043,0.0,0.0,0.0,5222.938265051968
2015-09-14,3377.448780551913,4736.651272414318,9173.783742671925,3377.448780551913,3377.448780551913,3543.980775058508,3543.980775058508,3543.980775058508,3543.980775058508,3543.980775058508,3543.980775058508,0.0,0.0,0.0,6921.429555610421
2015-09-21,3383.029746660562,4949.6243132206,9393.702133032131,3383.029746660562,3383.029746660562,3861.1880974731803,3861.1880974731803,3861.1880974731803,3861.1880974731803,3861.1880974731803,3861.1880974731803,0.0,0.0,0.0,7244.217844133742
2015-09-28,3388.610712769211,3535.3413677595704,7912.706661873379,3388.610712769211,3388.610712769211,2358.3530058339184,2358.3530058339184,2358.3530058339184,2358.3530058339184,2358.3530058339184,2358.3530058339184,0.0,0.0,0.0,5746.96371860313
2015-10-05,3394.1916791185454,1178.5680323143747,5572.286644664755,3394.1916791185454,3394.1916791185454,-118.44951036557198,-118.44951036557198,-118.44951036557198,-118.44951036557198,-118.44951036557198,-118.44951036557198,0.0,0.0,0.0,3275.7421687529736
2015-10-12,3399.772645467879,-711.390713812539,3609.316391970658,3399.772645467879,3399.772645467879,-1906.2484956067037,-1906.2484956067037,-1906.2484956067037,-1906.2484956067037,-1906.2484956067037,-1906.2484956067037,0.0,0.0,0.0,1493.5241498611754
2015-10-19,3405.3536118172133,-614.5731922202027,3819.5698512634326,3405.3536118172133,3405.3536118172133,-1783.2183320938902,-1783.2183320938902,-1783.2183320938902,-1783.2183320938902,-1783.2183320938902,-1783.2183320938902,0.0,0.0,0.0,1622.135279723323
2015-10-26,3410.9345781665475,1393.5860057349264,5781.251750864881,3410.9345781665475,3410.9345781665475,76.96474431181974,76.96474431181974,76.96474431181974,76.96474431181974,76.96474431181974,76.96474431181974,0.0,0.0,0.0,3487.899322478367
2015-11-02,3416.515544515881,3511.554205122385,7674.151549676338,3416.515544515881,3416.515544515881,2315.1723493622358,2315.1723493622358,2315.1723493622358,2315.1723493622358,2315.1723493622358,2315.1723493622358,0.0,0.0,0.0,5731.687893878117
2015-11-09,3422.0965118197582,4617.71684491043,9088.819744267283,3422.0965118197582,3422.0965118197582,3553.6247383599175,3553.6247383599175,3553.6247383599175,3553.6247383599175,3553.6247383599175,3553.6247383599175,0.0,0.0,0.0,6975.721250179676
2015-11-16,3427.6774791236357,4668.220744274137,9131.140283903147,3427.6774791236357,3427.6774791236357,3459.1400221547556,3459.1400221547556,3459.1400221547556,3459.1400221547556,3459.1400221547556,3459.1400221547556,0.0,0.0,0.0,6886.817501278391
2015-11-23,3433.258446427513,4075.4790841079266,8533.000139337935,3433.258446427513,3433.258446427513,2809.331378421187,2809.331378421187,2809.331378421187,2809.331378421187,2809.331378421187,2809.331378421187,0.0,0.0,0.0,6242.589824848699
2015-11-30,3438.83941373139,3933.623982996266,8229.77946466725,3438.83941373139,3438.83941373139,2621.3805315681093,2621.3805315681093,2621.3805315681093,2621.3805315681093,2621.3805315681093,2621.3805315681093,0.0,0.0,0.0,6060.219945299499
2015-12-07,3444.4203810352674,4598.180053907452,8981.57714763192,3444.4203810352674,3444.4203810352674,3198.463860417379,3198.463860417379,3198.463860417379,3198.463860417379,3198.463860417379,3198.463860417379,0.0,0.0,0.0,6642.884241452646
2015-12-14,3450.001348653401,5182.1314157803445,9626.804282443887,3450.001348653401,3450.001348653401,3908.6015551298533,3908.6015551298533,3908.6015551298533,3908.6015551298533,3908.6015551298533,3908.6015551298533,0.0,0.0,0.0,7358.602903783254
2015-12-21,3455.5823162715346,4992.279199895165,9290.503068261893,3455.5823162715346,3455.5823162715346,3795.469949568331,3795.469949568331,3795.469949568331,3795.469949568331,3795.469949568331,3795.469949568331,0.0,0.0,0.0,7251.052265839866
2015-12-28,3461.163283889668,3807.8069041314407,8072.347304810514,3461.163283889668,3461.163283889668,2431.220397515471,2431.220397515471,2431.220397515471,2431.220397515471,2431.220397515471,2431.220397515471,0.0,0.0,0.0,5892.383681405139
2016-01-04,3466.744251507802,1429.7699412876107,5864.686536520172,3466.744251507802,3466.744251507802,297.97650347006174,297.97650347006174,297.97650347006174,297.97650347006174,297.97650347006174,297.97650347006174,0.0,0.0,0.0,3764.7207549778636
2016-01-11,3472.3252191259353,-464.6053900375304,4131.1202106630135,3472.3252191259353,3472.3252191259353,-1575.5934616165353,-1575.5934616165353,-1575.5934616165353,-1575.5934616165353,-1575.5934616165353,-1575.5934616165353,0.0,0.0,0.0,1896.7317575094
2016-01-18,3477.906186744069,-1058.1787365063171,3281.345972760659,3477.906186744069,3477.906186744069,-2398.1758951834768,-2398.1758951834768,-2398.1758951834768,-2398.1758951834768,-2398.1758951834768,-2398.1758951834768,0.0,0.0,0.0,1079.7302915605924
2016-01-25,3483.4871543249965,-955.8542133570935,3544.8141700428896,3483.4871543249965,3483.4871543249965,-2183.074656321556,-2183.074656321556,-2183.074656321556,-2183.074656321556,-2183.074656321556,-2183.074656321556,0.0,0.0,0.0,1300.4124980034403
2016-02-01,3489.0681219059247,-337.9167649861667,3915.6989689801826,3489.0681219059247,3489.0681219059247,-1646.1559469749425,-1646.1559469749425,-1646.1559469749425,-1646.1559469749425,-1646.1559469749425,-1646.1559469749425,0.0,0.0,0.0,1842.9121749309822
2016-02-08,3494.649089486852,-76.45428389193333,4022.1635669295006,3494.649089486852,3494.649089486852,-1532.357604306338,-1532.357604306338,-1532.357604306338,-1532.357604306338,-1532.357604306338,-1532.357604306338,0.0,0.0,0.0,1962.291485180514
2016-02-15,3500.2300570677794,-772.2066145499527,3616.3464325574882,3500.2300570677794,3500.2300570677794,-1963.1932503236342,-1963.1932503236342,-1963.1932503236342,-1963.1932503236342,-1963.1932503236342,-1963.1932503236342,0.0,0.0,0.0,1537.0368067441452
2016-02-22,3505.8110246487076,-1294.986298653354,3249.960024537121,3505.8110246487076,3505.8110246487076,-2394.819021193093,-2394.819021193093,-2394.819021193093,-2394.819021193093,-2394.819021193093,-2394.819021193093,0.0,0.0,0.0,1110.9920034556148
2016-02-29,3511.391992072963,-730.9836583868505,3446.2443702236396,3511.391992072963,3511.391992072963,-2218.3046206127556,-2218.3046206127556,-2218.3046206127556,-2218.3046206127556,-2218.3046206127556,-2218.3046206127556,0.0,0.0,0.0,1293.0873714602076
2016-03-07,3516.9729594972187,-193.5765853402094,4231.188535980118,3516.9729594972187,3516.9729594972187,-1405.883989350851,-1405.883989350851,-1405.883989350851,-1405.883989350851,-1405.883989350851,-1405.883989350851,0.0,0.0,0.0,2111.0889701463675
2016-03-14,3522.553926921474,810.4738869709179,5205.994184506535,3522.553926921474,3522.553926921474,-546.0587660667129,-546.0587660667129,-546.0587660667129,-546.0587660667129,-546.0587660667129,-546.0587660667129,0.0,0.0,0.0,2976.4951608547613
2016-03-21,3528.1348943457297,1176.7931266372643,5576.398246546486,3528.1348943457297,3528.1348943457297,-234.36629976776422,-234.36629976776422,-234.36629976776422,-234.36629976776422,-234.36629976776422,-234.36629976776422,0.0,0.0,0.0,3293.7685945779654
2016-03-28,3533.715861769985,815.2717985240014,5298.920211253635,3533.715861769985,3533.715861769985,-475.0239811767668,-475.0239811767668,-475.0239811767668,-475.0239811767668,-475.0239811767668,-475.0239811767668,0.0,0.0,0.0,3058.6918805932182
2016-04-04,3539.296829499347,686.4547779020573,4966.181301767116,3539.296829499347,3539.296829499347,-745.606803930801,-745.606803930801,-745.606803930801,-745.606803930801,-745.606803930801,-745.606803930801,0.0,0.0,0.0,2793.690025568546
2016-04-11,3544.87779722871,775.7836726208734,5115.675516064446,3544.87779722871,3544.87779722871,-644.3630460212269,-644.3630460212269,-644.3630460212269,-644.3630460212269,-644.3630460212269,-644.3630460212269,0.0,0.0,0.0,2900.5147512074827
2016-04-18,3550.4587649580717,969.9274063018951,5428.877188879768,3550.4587649580717,3550.4587649580717,-373.3405094005078,-373.3405094005078,-373.3405094005078,-373.3405094005078,-373.3405094005078,-373.3405094005078,0.0,0.0,0.0,3177.1182555575638
2016-04-25,3556.0397326874345,901.34174558486,5299.235943984486,3556.0397326874345,3556.0397326874345,-482.3843581975483,-482.3843581975483,-482.3843581975483,-482.3843581975483,-482.3843581975483,-482.3843581975483,0.0,0.0,0.0,3073.655374489886
2016-05-02,3561.6207004167973,146.952697189962,4616.665650630549,3561.6207004167973,3561.6207004167973,-1150.5543024766444,-1150.5543024766444,-1150.5543024766444,-1150.5543024766444,-1150.5543024766444,-1150.5543024766444,0.0,0.0,0.0,2411.066397940153
2016-05-09,3567.201666824686,-342.63765435063436,3838.2118578184904,3567.201666824686,3567.201666824686,-1848.4364437493157,-1848.4364437493157,-1848.4364437493157,-1848.4364437493157,-1848.4364437493157,-1848.4364437493157,0.0,0.0,0.0,1718.7652230753704
2016-05-16,3572.7826332325753,-237.78336257631284,3836.100116180346,3572.7826332325753,3572.7826332325753,-1827.1180155235656,-1827.1180155235656,-1827.1180155235656,-1827.1180155235656,-1827.1180155235656,-1827.1180155235656,0.0,0.0,0.0,1745.6646177090097
2016-05-23,3578.3635996404646,347.9552429307707,4770.810565091485,3578.3635996404646,3578.3635996404646,-937.0872960083359,-937.0872960083359,-937.0872960083359,-937.0872960083359,-937.0872960083359,-937.0872960083359,0.0,0.0,0.0,2641.2763036321285
2016-05-30,3583.944566048354,1631.3770223611675,6027.305206191663,3583.944566048354,3583.944566048354,132.67803146628245,132.67803146628245,132.67803146628245,132.67803146628245,132.67803146628245,132.67803146628245,0.0,0.0,0.0,3716.6225975146363
2016-06-06,3589.5255324562427,1890.5755260548433,6431.598638302003,3589.5255324562427,3589.5255324562427,494.19742216053453,494.19742216053453,494.19742216053453,494.19742216053453,494.19742216053453,494.19742216053453,0.0,0.0,0.0,4083.7229546167773
2016-06-13,3595.106498864132,1333.443780992368,5672.490829762868,3595.106498864132,3595.106498864132,-82.81273636272982,-82.81273636272982,-82.81273636272982,-82.81273636272982,-82.81273636272982,-82.81273636272982,0.0,0.0,0.0,3512.293762501402
2016-06-20,3600.6874654678995,439.42255530879373,4869.835559695057,3600.6874654678995,3600.6874654678995,-989.0436551732922,-989.0436551732922,-989.0436551732922,-989.0436551732922,-989.0436551732922,-989.0436551732922,0.0,0.0,0.0,2611.643810294607
2016-06-27,3606.268432071667,157.27603584630307,4364.306121608069,3606.268432071667,3606.268432071667,-1417.7896575967784,-1417.7896575967784,-1417.7896575967784,-1417.7896575967784,-1417.7896575967784,-1417.7896575967784,0.0,0.0,0.0,2188.4787744748887
2016-07-04,3611.8493986754347,398.51777026264244,4466.6528645328635,3611.8493986754347,3611.8493986754347,-1118.6638939580346,-1118.6638939580346,-1118.6638939580346,-1118.6638939580346,-1118.6638939580346,-1118.6638939580346,0.0,0.0,0.0,2493.1855047174004
2016-07-11,3617.4303652792023,965.0453509561537,5250.528815418062,3617.4303652792023,3617.4303652792023,-514.6092050303378,-514.6092050303378,-514.6092050303378,-514.6092050303378,-514.6092050303378,-514.6092050303378,0.0,0.0,0.0,3102.8211602488645
2016-07-18,3623.01133188297,1329.974490425951,5640.360100948966,3623.01133188297,3623.01133188297,-186.31051168301627,-186.31051168301627,-186.31051168301627,-186.31051168301627,-186.31051168301627,-186.31051168301627,0.0,0.0,0.0,3436.700820199954
2016-07-25,3628.5922983444284,1011.6137580370053,5450.504518792836,3628.5922983444284,3628.5922983444284,-358.3734736791418,-358.3734736791418,-358.3734736791418,-358.3734736791418,-358.3734736791418,-358.3734736791418,0.0,0.0,0.0,3270.218824665287
2016-08-01,3634.173264805887,650.7870972867702,4849.190632251791,3634.173264805887,3634.173264805887,-859.8273594173063,-859.8273594173063,-859.8273594173063,-859.8273594173063,-859.8273594173063,-859.8273594173063,0.0,0.0,0.0,2774.345905388581
2016-08-08,3639.7542312673454,-46.626094091262765,4408.793679477631,3639.7542312673454,3639.7542312673454,-1397.1672391805978,-1397.1672391805978,-1397.1672391805978,-1397.1672391805978,-1397.1672391805978,-1397.1672391805978,0.0,0.0,0.0,2242.5869920867476
2016-08-15,3645.3351977288035,-142.24227102210511,4184.728844378686,3645.3351977288035,3645.3351977288035,-1699.4903510871864,-1699.4903510871864,-1699.4903510871864,-1699.4903510871864,-1699.4903510871864,-1699.4903510871864,0.0,0.0,0.0,1945.844846641617
2016-08-22,3650.9161641902624,-63.556908452204645,4356.59588792292,3650.9161641902624,3650.9161641902624,-1452.6668741826784,-1452.6668741826784,-1452.6668741826784,-1452.6668741826784,-1452.6668741826784,-1452.6668741826784,0.0,0.0,0.0,2198.249290007584
2016-08-29,3656.4971306517205,1085.029450815333,5486.923964147758,3656.4971306517205,3656.4971306517205,-359.2705014532934,-359.2705014532934,-359.2705014532934,-359.2705014532934,-359.2705014532934,-359.2705014532934,0.0,0.0,0.0,3297.226629198427
2016-09-05,3662.078097113179,2927.8143399768687,7154.029009515483,3662.078097113179,3662.078097113179,1490.8238083638616,1490.8238083638616,1490.8238083638616,1490.8238083638616,1490.8238083638616,1490.8238083638616,0.0,0.0,0.0,5152.901905477041
2016-09-12,3667.659063574637,4833.624593078994,9251.556499362672,3667.659063574637,3667.659063574637,3313.0328161339703,3313.0328161339703,3313.0328161339703,3313.0328161339703,3313.0328161339703,3313.0328161339703,0.0,0.0,0.0,6980.691879708607
2016-09-19,3673.2400300360955,5449.269336626711,9903.673665961323,3673.2400300360955,3673.2400300360955,3941.2339068167416,3941.2339068167416,3941.2339068167416,3941.2339068167416,3941.2339068167416,3941.2339068167416,0.0,0.0,0.0,7614.473936852837
2016-09-26,3678.820996497554,4155.565914965143,8600.820126402672,3678.820996497554,3678.820996497554,2739.078305694875,2739.078305694875,2739.078305694875,2739.078305694875,2739.078305694875,2739.078305694875,0.0,0.0,0.0,6417.899302192429
2016-10-03,3684.401962959012,1684.936716530759,6041.181230475941,3684.401962959012,3684.401962959012,323.33667639965546,323.33667639965546,323.33667639965546,323.33667639965546,323.33667639965546,323.33667639965546,0.0,0.0,0.0,4007.7386393586676
2016-10-10,3689.9829294204706,-332.4070888437106,4408.645233572111,3689.9829294204706,3689.9829294204706,-1707.3792248995546,-1707.3792248995546,-1707.3792248995546,-1707.3792248995546,-1707.3792248995546,-1707.3792248995546,0.0,0.0,0.0,1982.603704520916
2016-10-17,3695.563895881929,-405.93436621191466,4003.0324439904953,3695.563895881929,3695.563895881929,-1957.8908931919866,-1957.8908931919866,-1957.8908931919866,-1957.8908931919866,-1957.8908931919866,-1957.8908931919866,0.0,0.0,0.0,1737.6730026899425
2016-10-24,3701.1448623433876,1106.8890211861174,5522.922462186268,3701.1448623433876,3701.1448623433876,-330.24593023836763,-330.24593023836763,-330.24593023836763,-330.24593023836763,-330.24593023836763,-330.24593023836763,0.0,0.0,0.0,3370.89893210502
2016-10-31,3706.7258288048456,3346.6294809046694,7850.489649772291,3706.7258288048456,3706.7258288048456,1958.7849253446466,1958.7849253446466,1958.7849253446466,1958.7849253446466,1958.7849253446466,1958.7849253446466,0.0,0.0,0.0,5665.510754149493
2016-11-07,3712.306795266304,4988.2554207769845,9213.315500148925,3712.306795266304,3712.306795266304,3438.0616897050613,3438.0616897050613,3438.0616897050613,3438.0616897050613,3438.0616897050613,3438.0616897050613,0.0,0.0,0.0,7150.368484971365
2016-11-14,3717.887761727762,5010.364806990004,9653.421768648352,3717.887761727762,3717.887761727762,3548.770848728406,3548.770848728406,3548.770848728406,3548.770848728406,3548.770848728406,3548.770848728406,0.0,0.0,0.0,7266.658610456168
2016-11-21,3723.468728189221,4450.23451424027,8895.172859986593,3723.468728189221,3723.468728189221,2915.5985106145595,2915.5985106145595,2915.5985106145595,2915.5985106145595,2915.5985106145595,2915.5985106145595,0.0,0.0,0.0,6639.06723880378
2016-11-28,3729.049694650679,4106.43921488509,8385.548248641178,3729.049694650679,3729.049694650679,2593.940329391599,2593.940329391599,2593.940329391599,2593.940329391599,2593.940329391599,2593.940329391599,0.0,0.0,0.0,6322.990024042278
2016-12-05,3734.6306611121377,4602.468399947287,8887.697201632685,3734.6306611121377,3734.6306611121377,3058.067481146361,3058.067481146361,3058.067481146361,3058.067481146361,3058.067481146361,3058.067481146361,0.0,0.0,0.0,6792.698142258499
2016-12-12,3740.211627573596,5291.073661056314,9860.796222751378,3740.211627573596,3740.211627573596,3817.2143595066373,3817.2143595066373,3817.2143595066373,3817.2143595066373,3817.2143595066373,3817.2143595066373,0.0,0.0,0.0,7557.425987080233
2016-12-19,3745.7925940350547,5371.866274258164,9773.068369054938,3745.7925940350547,3745.7925940350547,3906.902328916207,3906.902328916207,3906.902328916207,3906.902328916207,3906.902328916207,3906.902328916207,0.0,0.0,0.0,7652.694922951261
2016-12-26,3751.3735604965127,4115.995229976758,8666.732010122125,3751.3735604965127,3751.3735604965127,2756.208660612195,2756.208660612195,2756.208660612195,2756.208660612195,2756.208660612195,2756.208660612195,0.0,0.0,0.0,6507.582221108708
2017-01-02,3756.954526957971,2331.5095555541875,6757.930349231352,3756.954526957971,3756.954526957971,691.1013880265501,691.1013880265501,691.1013880265501,691.1013880265501,691.1013880265501,691.1013880265501,0.0,0.0,0.0,4448.055914984521
2017-01-09,3762.5354934194297,131.55824222756698,4652.137053731357,3762.5354934194297,3762.5354934194297,-1304.1329723473914,-1304.1329723473914,-1304.1329723473914,-1304.1329723473914,-1304.1329723473914,-1304.1329723473914,0.0,0.0,0.0,2458.4025210720383
2017-01-16,3768.116459880888,-598.6642789709769,3516.6963173613526,3768.116459880888,3768.116459880888,-2339.6037568232036,-2339.6037568232036,-2339.6037568232036,-2339.6037568232036,-2339.6037568232036,-2339.6037568232036,0.0,0.0,0.0,1428.5127030576846
2017-01-23,3773.6974263423467,-615.3885806125423,3568.6133826311047,3773.6974263423467,3773.6974263423467,-2270.7883126472802,-2270.7883126472802,-2270.7883126472802,-2270.7883126472802,-2270.7883126472802,-2270.7883126472802,0.0,0.0,0.0,1502.9091136950665
2017-01-30,3779.2783928038048,-117.33500288603622,4267.4369712925945,3779.2783928038048,3779.2783928038048,-1726.886392919196,-1726.886392919196,-1726.886392919196,-1726.886392919196,-1726.886392919196,-1726.886392919196,0.0,0.0,0.0,2052.3919998846086
2017-02-06,3784.8593592652633,216.49473335589806,4439.809101494207,3784.8593592652633,3784.8593592652633,-1505.6163097041533,-1505.6163097041533,-1505.6163097041533,-1505.6163097041533,-1505.6163097041533,-1505.6163097041533,0.0,0.0,0.0,2279.2430495611097
2017-02-13,3790.4403257267213,-227.12297470297472,4173.048326088666,3790.4403257267213,3790.4403257267213,-1865.1392241010656,-1865.1392241010656,-1865.1392241010656,-1865.1392241010656,-1865.1392241010656,-1865.1392241010656,0.0,0.0,0.0,1925.3011016256557
2017-02-20,3796.02129218818,-752.471714746488,3720.476730715872,3796.02129218818,3796.02129218818,-2349.79244332769,-2349.79244332769,-2349.79244332769,-2349.79244332769,-2349.79244332769,-2349.79244332769,0.0,0.0,0.0,1446.22884886049
2017-02-27,3801.602258649638,-656.1353037930522,3498.0522340036746,3801.602258649638,3801.602258649638,-2305.743479415144,-2305.743479415144,-2305.743479415144,-2305.743479415144,-2305.743479415144,-2305.743479415144,0.0,0.0,0.0,1495.8587792344938
2017-03-06,3807.183225111097,127.92759302301349,4563.02637824259,3807.183225111097,3807.183225111097,-1575.9921783531363,-1575.9921783531363,-1575.9921783531363,-1575.9921783531363,-1575.9921783531363,-1575.9921783531363,0.0,0.0,0.0,2231.1910467579605
2017-03-13,3812.7641915725553,1073.7439761968512,5379.023411064815,3812.7641915725553,3812.7641915725553,-670.9359315317754,-670.9359315317754,-670.9359315317754,-670.9359315317754,-670.9359315317754,-670.9359315317754,0.0,0.0,0.0,3141.82826004078
2017-03-20,3818.345158034014,1362.6003682997646,5819.250152069327,3818.345158034014,3818.345158034014,-240.1484840151127,-240.1484840151127,-240.1484840151127,-240.1484840151127,-240.1484840151127,-240.1484840151127,0.0,0.0,0.0,3578.196674018901
2017-03-27,3823.926124495472,1155.6367856256454,5683.1092992711965,3823.9260564820815,3823.9262535954504,-412.03566624654616,-412.03566624654616,-412.03566624654616,-412.03566624654616,-412.03566624654616,-412.03566624654616,0.0,0.0,0.0,3411.890458248926
2017-04-03,3829.5070909569304,981.1171961579404,5218.589242378026,3829.5067819605524,3829.5074198094703,-719.8423987043142,-719.8423987043142,-719.8423987043142,-719.8423987043142,-719.8423987043142,-719.8423987043142,0.0,0.0,0.0,3109.664692252616
2017-04-10,3835.0880574183884,800.8778840813735,5262.684839002236,3835.087390232087,3835.088726934402,-688.8760604690459,-688.8760604690459,-688.8760604690459,-688.8760604690459,-688.8760604690459,-688.8760604690459,0.0,0.0,0.0,3146.2119969493424
2017-04-17,3840.669023879847,1178.8182074936449,5623.654719673051,3840.667932964705,3840.6700869070437,-409.003000584866,-409.003000584866,-409.003000584866,-409.003000584866,-409.003000584866,-409.003000584866,0.0,0.0,0.0,3431.6660232949807
2017-04-24,3846.249990341306,1163.8806081429589,5605.380347435377,3846.2484087670323,3846.2515131837217,-417.48431023357597,-417.48431023357597,-417.48431023357597,-417.48431023357597,-417.48431023357597,-417.48431023357597,0.0,0.0,0.0,3428.76568010773
2017-05-01,3851.8309568027644,622.5661420948461,5043.022269095303,3851.8288289810434,3851.8330186711714,-1006.1155920277856,-1006.1155920277856,-1006.1155920277856,-1006.1155920277856,-1006.1155920277856,-1006.1155920277856,0.0,0.0,0.0,2845.7153647749788
2017-05-08,3857.4119232642224,-206.3198155905545,4130.1862194847745,3857.409165765304,3857.4146229360667,-1758.7147948871632,-1758.7147948871632,-1758.7147948871632,-1758.7147948871632,-1758.7147948871632,-1758.7147948871632,0.0,0.0,0.0,2098.697128377059
2017-05-15,3862.992889725681,-220.570148210253,4228.37548351814,3862.989525824372,3862.996340156825,-1902.584113925125,-1902.584113925125,-1902.584113925125,-1902.584113925125,-1902.584113925125,-1902.584113925125,0.0,0.0,0.0,1960.408775800556
2017-05-22,3868.573856187139,485.9116341278399,5056.817277517824,3868.5698003654707,3868.578087392359,-1137.157589519162,-1137.157589519162,-1137.157589519162,-1137.157589519162,-1137.157589519162,-1137.157589519162,0.0,0.0,0.0,2731.4162666679767
2017-05-29,3874.1548226485975,1664.0635520072433,5842.854959800219,3874.150069119859,3874.1596740876685,-27.305633531484496,-27.305633531484496,-27.305633531484496,-27.305633531484496,-27.305633531484496,-27.305633531484496,0.0,0.0,0.0,3846.849189117113
2017-06-05,3879.7357891100555,2102.2386333694976,6730.1672688228255,3879.730202340543,3879.74151028826,504.478523326094,504.478523326094,504.478523326094,504.478523326094,504.478523326094,504.478523326094,0.0,0.0,0.0,4384.214312436149
2017-06-12,3885.316755571514,1774.9389887391096,6157.411014114001,3885.3102274826038,3885.323483656779,69.67519929612274,69.67519929612274,69.67519929612274,69.67519929612274,69.67519929612274,69.67519929612274,0.0,0.0,0.0,3954.9919548676367
2017-06-19,3890.897722032972,843.627555280164,5254.006819421926,3890.8902364430587,3890.9052075097075,-843.0986660156268,-843.0986660156268,-843.0986660156268,-843.0986660156268,-843.0986660156268,-843.0986660156268,0.0,0.0,0.0,3047.7990560173453
2017-06-26,3896.478688494431,245.3050674951458,4731.015775290844,3896.470264267794,3896.486909186129,-1397.808661840656,-1397.808661840656,-1397.808661840656,-1397.808661840656,-1397.808661840656,-1397.808661840656,0.0,0.0,0.0,2498.670026653775
2017-07-03,3902.0596549558895,520.9818338264764,4717.636161796696,3902.050288296578,3902.0689560086885,-1212.5589527660218,-1212.5589527660218,-1212.5589527660218,-1212.5589527660218,-1212.5589527660218,-1212.5589527660218,0.0,0.0,0.0,2689.5007021898678
2017-07-10,3907.6406214173476,1215.2106818414222,5591.8372456026555,3907.6301049893955,3907.651191642361,-616.1981752912827,-616.1981752912827,-616.1981752912827,-616.1981752912827,-616.1981752912827,-616.1981752912827,0.0,0.0,0.0,3291.442446126065
2017-07-17,3913.221587878806,1618.0462261095981,5996.794078799568,3913.210176368574,3913.233085082101,-208.35078570836404,-208.35078570836404,-208.35078570836404,-208.35078570836404,-208.35078570836404,-208.35078570836404,0.0,0.0,0.0,3704.870802170442
2017-07-24,3918.802554340264,1400.981410657094,5747.449883200609,3918.7900314991602,3918.8151808848365,-295.27166870412015,-295.27166870412015,-295.27166870412015,-295.27166870412015,-295.27166870412015,-295.27166870412015,0.0,0.0,0.0,3623.530885636144
2017-07-31,3924.3835208017226,983.9000646325369,5325.5842361346395,3924.369809616318,3924.3970975167595,-759.4680248702876,-759.4680248702876,-759.4680248702876,-759.4680248702876,-759.4680248702876,-759.4680248702876,0.0,0.0,0.0,3164.915495931435
2017-08-07,3929.9644872631816,506.28725750302493,4781.484157637418,3929.949601042976,3929.9790906530093,-1310.634156729297,-1310.634156729297,-1310.634156729297,-1310.634156729297,-1310.634156729297,-1310.634156729297,0.0,0.0,0.0,2619.3303305338845
2017-08-14,3935.54545372464,102.821057999061,4576.099160280534,3935.5291542126574,3935.5611825005703,-1675.6900718501392,-1675.6900718501392,-1675.6900718501392,-1675.6900718501392,-1675.6900718501392,-1675.6900718501392,0.0,0.0,0.0,2259.855381874501
2017-08-21,3941.126420186098,272.92035215834073,4529.411316407369,3941.108574679467,3941.143483493618,-1552.6218772245302,-1552.6218772245302,-1552.6218772245302,-1552.6218772245302,-1552.6218772245302,-1552.6218772245302,0.0,0.0,0.0,2388.504542961568
2017-08-28,3946.7073866475566,1237.7032097122985,5508.833284908288,3946.6884025736013,3946.725196234293,-621.1013859579425,-621.1013859579425,-621.1013859579425,-621.1013859579425,-621.1013859579425,-621.1013859579425,0.0,0.0,0.0,3325.606000689614
2017-09-04,3952.2883531090147,2852.5411442017466,7229.840124612239,3952.2680009157834,3952.30741908711,1130.926284908975,1130.926284908975,1130.926284908975,1130.926284908975,1130.926284908975,1130.926284908975,0.0,0.0,0.0,5083.214638017989
2017-09-11,3957.869319570473,4861.074359199897,9261.03840356424,3957.8474317084056,3957.889133244775,3042.5871610897752,3042.5871610897752,3042.5871610897752,3042.5871610897752,3042.5871610897752,3042.5871610897752,0.0,0.0,0.0,7000.456480660248
2017-09-18,3963.4502860319312,5858.857209394417,10245.855111127294,3963.427209429287,3963.4712669296227,3959.292609054143,3959.292609054143,3959.292609054143,3959.292609054143,3959.292609054143,3959.292609054143,0.0,0.0,0.0,7922.742895086074
2017-09-25,3969.0312524933897,4961.9846040067705,9209.10982848217,3969.00654473564,3969.0533139939753,3078.2057494698265,3078.2057494698265,3078.2057494698265,3078.2057494698265,3078.2057494698265,3078.2057494698265,0.0,0.0,0.0,7047.237001963216
2017-10-02,3974.612218954848,2501.258477979377,6937.461290678757,3974.5864809568434,3974.635762361931,777.9558719486937,777.9558719486937,777.9558719486937,777.9558719486937,777.9558719486937,777.9558719486937,0.0,0.0,0.0,4752.568090903542
2017-10-09,3980.193185416307,404.3399303615523,4837.067191983269,3980.1660814308643,3980.2179315119256,-1447.9743653732608,-1447.9743653732608,-1447.9743653732608,-1447.9743653732608,-1447.9743653732608,-1447.9743653732608,0.0,0.0,0.0,2532.2188200430464
2017-10-16,3985.7741518777652,-184.35847098585657,4193.015967335868,3985.7456336728806,3985.799706031211,-2068.8600747849155,-2068.8600747849155,-2068.8600747849155,-2068.8600747849155,-2068.8600747849155,-2068.8600747849155,0.0,0.0,0.0,1916.9140770928498
2017-10-23,3991.3551183392233,1127.2862449522977,5470.32228926791,3991.3249206586224,3991.382031690066,-715.6750107672124,-715.6750107672124,-715.6750107672124,-715.6750107672124,-715.6750107672124,-715.6750107672124,0.0,0.0,0.0,3275.680107572011
2017-10-30,3996.936084800682,3394.346924798254,7857.2741058127185,3996.9042141759023,3996.964038983445,1573.866156426186,1573.866156426186,1573.866156426186,1573.866156426186,1573.866156426186,1573.866156426186,0.0,0.0,0.0,5570.802241226867
2017-11-06,4002.51705126214,5100.03993952207,9541.726321837554,4002.483272418602,4002.5464110514804,3275.407110885528,3275.407110885528,3275.407110885528,3275.407110885528,3275.407110885528,3275.407110885528,0.0,0.0,0.0,7277.924162147668
2017-11-13,4008.0980177235983,5335.817880499192,9961.149579129136,4008.0630884263524,4008.1286458464706,3613.4786915926284,3613.4786915926284,3613.4786915926284,3613.4786915926284,3613.4786915926284,3613.4786915926284,0.0,0.0,0.0,7621.576709316227
2017-11-20,4013.6789841850573,4747.980231708166,9245.051113513222,4013.6426674857175,4013.7107894850565,3033.55057699476,3033.55057699476,3033.55057699476,3033.55057699476,3033.55057699476,3033.55057699476,0.0,0.0,0.0,7047.229561179817
2017-11-27,4019.259950646516,4304.274913181049,8752.208734605407,4019.2222676600627,4019.2931769757374,2594.3851158099123,2594.3851158099123,2594.3851158099123,2594.3851158099123,2594.3851158099123,2594.3851158099123,0.0,0.0,0.0,6613.645066456428
2017-12-04,4024.840917107974,4853.512528147839,9060.743730839584,4024.8013393624083,4024.8753713318765,2928.4389980978476,2928.4389980978476,2928.4389980978476,2928.4389980978476,2928.4389980978476,2928.4389980978476,0.0,0.0,0.0,6953.279915205821
2017-12-11,4030.4218835694323,5557.812326730779,10031.534585076044,4030.3807380325848,4030.4578986958545,3703.3193418104643,3703.3193418104643,3703.3193418104643,3703.3193418104643,3703.3193418104643,3703.3193418104643,0.0,0.0,0.0,7733.741225379897
2017-12-18,4036.0028500308904,5744.800538482418,10355.462976719089,4035.9600671662415,4036.0404800080664,3976.18391276673,3976.18391276673,3976.18391276673,3976.18391276673,3976.18391276673,3976.18391276673,0.0,0.0,0.0,8012.186762797621
2017-12-25,4041.583816492349,4805.0104509439225,9270.028873909878,4041.5396329207942,4041.623299770655,3050.145855711698,3050.145855711698,3050.145855711698,3050.145855711698,3050.145855711698,3050.145855711698,0.0,0.0,0.0,7091.729672204046
2018-01-01,4047.164782953807,2959.7161488522893,7257.881061485644,4047.1191188502407,4047.2065699388945,1086.7376560648243,1086.7376560648243,1086.7376560648243,1086.7376560648243,1086.7376560648243,1086.7376560648243,0.0,0.0,0.0,5133.902439018631
2018-01-08,4052.7457494152654,850.3425340355939,5389.410358256001,4052.6984364660216,4052.7890056778533,-999.9064937467734,-999.9064937467734,-999.9064937467734,-999.9064937467734,-999.9064937467734,-999.9064937467734,0.0,0.0,0.0,3052.839255668492
2018-01-15,4058.3267158767235,-168.95488048423678,4110.110850540003,4058.2779817076007,4058.371950806232,-2243.577454899672,-2243.577454899672,-2243.577454899672,-2243.577454899672,-2243.577454899672,-2243.577454899672,0.0,0.0,0.0,1814.7492609770516
2018-01-22,4063.907682338183,-476.1610480321972,3865.813073138408,4063.856990693385,4063.9547146967047,-2342.8761434860075,-2342.8761434860075,-2342.8761434860075,-2342.8761434860075,-2342.8761434860075,-2342.8761434860075,0.0,0.0,0.0,1721.0315388521753
2018-01-29,4069.488648799641,120.22085782718129,4456.166126343109,4069.4368456400575,4069.5375607249707,-1819.505176910102,-1819.505176910102,-1819.505176910102,-1819.505176910102,-1819.505176910102,-1819.505176910102,0.0,0.0,0.0,2249.983471889539
2018-02-05,4075.0696152610994,567.2144297796839,4920.846013415585,4075.016187251776,4075.120370494041,-1499.5105850664434,-1499.5105850664434,-1499.5105850664434,-1499.5105850664434,-1499.5105850664434,-1499.5105850664434,0.0,0.0,0.0,2575.559030194656
2018-02-12,4080.6505817225575,170.1826690617141,4727.745762438781,4080.595469156856,4080.703509543539,-1771.6599900816761,-1771.6599900816761,-1771.6599900816761,-1771.6599900816761,-1771.6599900816761,-1771.6599900816761,0.0,0.0,0.0,2308.9905916408816
2018-02-19,4086.231548184016,-345.39522815073,4066.533981851575,4086.1744762570565,4086.286266129611,-2286.415321423951,-2286.415321423951,-2286.415321423951,-2286.415321423951,-2286.415321423951,-2286.415321423951,0.0,0.0,0.0,1799.816226760065
2018-02-26,4091.812514645475,-373.886616496134,4032.370546847276,4091.753267245659,4091.8691998658464,-2369.3119048285525,-2369.3119048285525,-2369.3119048285525,-2369.3119048285525,-2369.3119048285525,-2369.3119048285525,0.0,0.0,0.0,1722.5006098169224
2018-03-05,4097.393481106933,73.20038344781486,4601.4479719702495,4097.33195117509,4097.452433453865,-1740.0962459729446,-1740.0962459729446,-1740.0962459729446,-1740.0962459729446,-1740.0962459729446,-1740.0962459729446,0.0,0.0,0.0,2357.2972351339886
2018-03-12,4102.974447568391,1097.0971252700842,5381.037236037746,4102.910025604274,4103.036255750887,-812.5201257848785,-812.5201257848785,-812.5201257848785,-812.5201257848785,-812.5201257848785,-812.5201257848785,0.0,0.0,0.0,3290.4543217835126
2018-03-19,4108.55541402985,1616.0526594911344,6080.775516682984,4108.488816987495,4108.620139767756,-266.9562983163568,-266.9562983163568,-266.9562983163568,-266.9562983163568,-266.9562983163568,-266.9562983163568,0.0,0.0,0.0,3841.599115713493
2018-03-26,4114.136380491308,1493.872237730167,5957.9800748583975,4114.067768991026,4114.203947124904,-353.39750542703325,-353.39750542703325,-353.39750542703325,-353.39750542703325,-353.39750542703325,-353.39750542703325,0.0,0.0,0.0,3760.738875064275
2018-04-02,4119.717346952766,1317.4434432471594,5639.840712607146,4119.646757692888,4119.78720473436,-681.5343633767825,-681.5343633767825,-681.5343633767825,-681.5343633767825,-681.5343633767825,-681.5343633767825,0.0,0.0,0.0,3438.1829835759836
2018-04-09,4125.298313414224,1179.1057147141978,5703.528512515902,4125.224602514699,4125.369801437351,-724.0572013227664,-724.0572013227664,-724.0572013227664,-724.0572013227664,-724.0572013227664,-724.0572013227664,0.0,0.0,0.0,3401.2411120914576
2018-04-16,4130.879279875683,1532.47865295155,5818.324791253337,4130.803353519893,4130.953111048277,-454.58500344063845,-454.58500344063845,-454.58500344063845,-454.58500344063845,-454.58500344063845,-454.58500344063845,0.0,0.0,0.0,3676.2942764350446
2018-04-23,4136.460246337141,1562.4853036185748,6040.052315574386,4136.38223015663,4136.536019076116,-373.24531553703025,-373.24531553703025,-373.24531553703025,-373.24531553703025,-373.24531553703025,-373.24531553703025,0.0,0.0,0.0,3763.214930800111
2018-04-30,4142.0412127986,1221.8409734353243,5618.462941563679,4141.960284034163,4142.118930093591,-868.0248374293487,-868.0248374293487,-868.0248374293487,-868.0248374293487,-868.0248374293487,-868.0248374293487,0.0,0.0,0.0,3274.0163753692514
2018-05-07,4147.622179260058,389.21632232806223,4794.774814936921,4147.538407754785,4147.701543902884,-1648.189047233572,-1648.189047233572,-1648.189047233572,-1648.189047233572,-1648.189047233572,-1648.189047233572,0.0,0.0,0.0,2499.4331320264864
2018-05-14,4153.203145721517,37.770281247608686,4360.453290537197,4153.117791949787,4153.285039812776,-1946.4544966182293,-1946.4544966182293,-1946.4544966182293,-1946.4544966182293,-1946.4544966182293,-1946.4544966182293,0.0,0.0,0.0,2206.748649103288
2018-05-21,4158.784112182975,602.3626987053497,5212.527914646335,4158.697004405192,4158.869113477633,-1325.1661110854918,-1325.1661110854918,-1325.1661110854918,-1325.1661110854918,-1325.1661110854918,-1325.1661110854918,0.0,0.0,0.0,2833.618001097483
2018-05-28,4164.365078644433,1771.9645296426468,6119.165721715108,4164.276569397322,4164.452991444003,-207.32483731037837,-207.32483731037837,-207.32483731037837,-207.32483731037837,-207.32483731037837,-207.32483731037837,0.0,0.0,0.0,3957.040241334055
2018-06-04,4169.946045105891,2552.584998269105,6792.809515765167,4169.855944005728,4170.035865784156,481.3206101480486,481.3206101480486,481.3206101480486,481.3206101480486,481.3206101480486,481.3206101480486,0.0,0.0,0.0,4651.2666552539395
2018-06-11,4175.527011567351,2213.563116877214,6432.431837835564,4175.434671776758,4175.618647254018,205.92175803339632,205.92175803339632,205.92175803339632,205.92175803339632,205.92175803339632,205.92175803339632,0.0,0.0,0.0,4381.448769600747
2018-06-18,4181.107978028809,1288.7479125155007,5775.800199898,4181.0133716827595,4181.201402899886,-684.3354188649005,-684.3354188649005,-684.3354188649005,-684.3354188649005,-684.3354188649005,-684.3354188649005,0.0,0.0,0.0,3496.7725591639087
2018-06-25,4186.688944490267,543.6175267988172,4946.5510804364885,4186.591779486142,4186.784187140418,-1352.1171851491658,-1352.1171851491658,-1352.1171851491658,-1352.1171851491658,-1352.1171851491658,-1352.1171851491658,0.0,0.0,0.0,2834.5717593411014
2018-07-02,4192.269910951725,877.3671445905868,5188.975202746287,4192.169843287408,4192.366872191215,-1292.6086036216059,-1292.6086036216059,-1292.6086036216059,-1292.6086036216059,-1292.6086036216059,-1292.6086036216059,0.0,0.0,0.0,2899.6613073301196
2018-07-09,4197.850877413183,1386.1622481246238,5512.214800393309,4197.747895432865,4197.949275599232,-724.744464792515,-724.744464792515,-724.744464792515,-724.744464792515,-724.744464792515,-724.744464792515,0.0,0.0,0.0,3473.1064126206684
2018-07-16,4203.431843874642,1742.852735472588,6214.10694535254,4203.326403738684,4203.5323151956,-247.41466617119227,-247.41466617119227,-247.41466617119227,-247.41466617119227,-247.41466617119227,-247.41466617119227,0.0,0.0,0.0,3956.01717770345
2018-07-23,4209.0128103361,1797.1031653794073,6156.845085583251,4208.904923340885,4209.115564360452,-244.60364737401946,-244.60364737401946,-244.60364737401946,-244.60364737401946,-244.60364737401946,-244.60364737401946,0.0,0.0,0.0,3964.4091629620807
2018-07-30,4214.593776797558,1452.6715390108511,5580.999653030848,4214.483462458707,4214.6989078105225,-661.7226222024069,-661.7226222024069,-661.7226222024069,-661.7226222024069,-661.7226222024069,-661.7226222024069,0.0,0.0,0.0,3552.8711545951514
